43s	92s	73s	65o	Q2o	J4o	83s	75o	52s	85o	82s	T5o	95o	J3o	62s	54o	42s	T4o	J2o	72s	64o	T3o	32s	74o	84o	T2o
0,190410	0,160441	0,176876	0,186922	0,111384	0,124613	0,164491	0,170740	0,178032	0,157591	0,164484	0,129026	0,140059	0,120194	0,175633	0,171859	0,173956	0,128988	0,115759	0,160424	0,169356	0,124569	0,169875	0,153175	0,140026	0,120133
0,204645	0,164354	0,179648	0,186864	0,111457	0,124687	0,163213	0,173717	0,192267	0,156186	0,163206	0,129099	0,144296	0,120268	0,175579	0,187094	0,188191	0,129062	0,115832	0,163197	0,169299	0,124643	0,184110	0,156152	0,138621	0,120207
0,204590	0,162122	0,175543	0,186796	0,056403	0,121716	0,164299	0,169268	0,192212	0,157379	0,164292	0,126128	0,141895	0,117297	0,175524	0,187026	0,188136	0,126091	0,112861	0,159092	0,169231	0,121672	0,184055	0,151703	0,139814	0,117236
0,204653	0,159487	0,176747	0,182473	0,268984	0,068274	0,162185	0,170587	0,192275	0,155104	0,162178	0,123284	0,139050	0,063883	0,171537	0,187084	0,188200	0,123246	0,059481	0,160296	0,164907	0,118827	0,184118	0,153022	0,137539	0,114391
0,204953	0,157088	0,174870	0,179468	0,269867	0,276599	0,159786	0,167571	0,188525	0,152087	0,159779	0,071782	0,136033	0,272608	0,172978	0,183014	0,188500	0,071762	0,268601	0,158419	0,166479	0,067371	0,184418	0,150999	0,134947	0,062969
0,370547	0,337060	0,352322	0,360829	0,297262	0,308069	0,340408	0,348692	0,361408	0,336138	0,339932	0,311724	0,323523	0,304339	0,351330	0,358418	0,357910	0,311332	0,300525	0,339689	0,347646	0,307603	0,354344	0,335510	0,322956	0,303789
0,201686	0,118013	0,172954	0,172368	0,277781	0,280476	0,157870	0,156888	0,190449	0,140835	0,157863	0,283318	0,087507	0,280438	0,171584	0,180529	0,185232	0,279095	0,276431	0,156503	0,163982	0,279057	0,185201	0,148502	0,132449	0,275050
0,369730	0,337325	0,348452	0,359991	0,216878	0,305153	0,340673	0,344587	0,360592	0,336535	0,340197	0,308809	0,323919	0,301423	0,350513	0,357580	0,357094	0,308417	0,297610	0,335819	0,346808	0,304687	0,353527	0,331405	0,323352	0,300873
0,395664	0,361135	0,377028	0,379655	0,311495	0,323096	0,364671	0,366588	0,386223	0,353250	0,364163	0,327029	0,339846	0,319096	0,376126	0,376516	0,382533	0,326617	0,315016	0,363899	0,365652	0,322617	0,378773	0,352586	0,339247	0,318537
0,368914	0,334973	0,348717	0,355886	0,326717	0,228364	0,338321	0,344984	0,359775	0,334140	0,337844	0,305893	0,321525	0,223457	0,346644	0,356742	0,356277	0,305501	0,218468	0,336084	0,342703	0,301771	0,352711	0,331801	0,320958	0,297957
0,367668	0,334165	0,347811	0,356464	0,222829	0,299116	0,335897	0,343974	0,358530	0,331420	0,335421	0,302771	0,320861	0,295386	0,347028	0,355399	0,355032	0,302379	0,291572	0,335178	0,343282	0,298649	0,351465	0,330791	0,318237	0,294835
0,199748	0,312981	0,171016	0,159542	0,285638	0,289896	0,120072	0,143492	0,189530	0,103910	0,120065	0,288877	0,289020	0,284216	0,170143	0,173935	0,187631	0,288389	0,284162	0,155062	0,153806	0,282708	0,182409	0,137756	0,085295	0,282654
0,368097	0,332132	0,346365	0,352741	0,325879	0,334297	0,335480	0,341833	0,355905	0,330990	0,335003	0,231140	0,318375	0,330567	0,346908	0,352637	0,355461	0,229954	0,326754	0,333731	0,343100	0,225047	0,351894	0,329407	0,318042	0,220058
0,394780	0,361270	0,372923	0,378731	0,224011	0,319780	0,364811	0,362146	0,385339	0,353523	0,364303	0,323714	0,340114	0,315780	0,375242	0,375592	0,381648	0,323301	0,311701	0,359794	0,364728	0,319301	0,377889	0,348143	0,339520	0,315222
0,366852	0,331813	0,348076	0,352359	0,318883	0,234233	0,336162	0,344370	0,357713	0,331816	0,335685	0,299855	0,318466	0,229367	0,343158	0,354561	0,354215	0,299463	0,224419	0,335442	0,339177	0,295733	0,350649	0,331188	0,318634	0,291920
0,366035	0,328972	0,345723	0,349215	0,318044	0,326463	0,333810	0,341220	0,353843	0,328666	0,333333	0,236969	0,315316	0,322733	0,343423	0,350456	0,353399	0,235823	0,318919	0,333090	0,339573	0,230957	0,349832	0,328793	0,316239	0,226009
0,363461	0,323495	0,340551	0,348925	0,246455	0,236242	0,330253	0,336435	0,354322	0,325937	0,329776	0,291055	0,310020	0,231416	0,339767	0,351127	0,350824	0,290663	0,226510	0,327917	0,335743	0,286933	0,347258	0,323252	0,312755	0,283119
0,393895	0,358637	0,373063	0,374288	0,343426	0,236292	0,362179	0,362419	0,384455	0,350777	0,361671	0,320399	0,337368	0,231054	0,371137	0,374667	0,380764	0,319986	0,225738	0,359934	0,360285	0,315986	0,377005	0,348416	0,336775	0,311907
0,392851	0,357882	0,372319	0,374872	0,230254	0,313396	0,359962	0,361599	0,383410	0,348260	0,359454	0,317329	0,336827	0,309396	0,371481	0,373740	0,379719	0,316917	0,305316	0,359190	0,360869	0,312917	0,375960	0,347596	0,334257	0,308837
0,362645	0,320654	0,340815	0,345781	0,257993	0,315866	0,327901	0,333291	0,350453	0,322787	0,327424	0,238936	0,306870	0,312136	0,340032	0,347022	0,350008	0,237832	0,308322	0,328182	0,336139	0,233007	0,346442	0,323649	0,310360	0,228100
0,369505	0,266235	0,348801	0,359852	0,340140	0,345233	0,337916	0,346159	0,361447	0,334795	0,337440	0,347683	0,245450	0,344769	0,349833	0,354889	0,356868	0,345989	0,340956	0,336168	0,345346	0,345526	0,356355	0,331653	0,320288	0,341712
0,194233	0,316920	0,135684	0,146354	0,290210	0,296764	0,315399	0,120683	0,188189	0,295494	0,311551	0,295007	0,294982	0,294250	0,168802	0,161745	0,186291	0,295089	0,288553	0,118515	0,141047	0,292575	0,181068	0,102111	0,287369	0,286878
0,393011	0,355484	0,370431	0,370891	0,342495	0,351388	0,359026	0,359016	0,380350	0,347375	0,358518	0,239240	0,333965	0,347388	0,371277	0,370224	0,379880	0,238018	0,343309	0,357302	0,360559	0,232780	0,376121	0,345671	0,333459	0,227464
0,359332	0,312084	0,334984	0,328671	0,509899	0,265860	0,319660	0,327493	0,347140	0,314422	0,319184	0,240682	0,298150	0,261314	0,332585	0,343669	0,346695	0,239619	0,256716	0,322351	0,328285	0,234834	0,343129	0,317851	0,301995	0,229968
0,391966	0,355250	0,372459	0,370429	0,335179	0,242451	0,360096	0,361872	0,382525	0,348527	0,359588	0,314014	0,334081	0,237254	0,367376	0,372816	0,378835	0,313602	0,231980	0,359330	0,356426	0,309602	0,375076	0,347869	0,334525	0,305522
0,366438	0,367381	0,345735	0,358465	0,339764	0,345781	0,268939	0,344250	0,359095	0,258402	0,267685	0,344919	0,352015	0,341127	0,346992	0,356603	0,357133	0,346538	0,340580	0,333327	0,344275	0,341884	0,352485	0,330061	0,242208	0,341337
0,367969	0,272118	0,348197	0,356365	0,332305	0,337398	0,336283	0,345585	0,359911	0,333031	0,335807	0,339908	0,251425	0,336935	0,346385	0,353269	0,355332	0,338214	0,333121	0,335564	0,341859	0,337751	0,354819	0,331079	0,318525	0,333937
0,388302	0,346330	0,364550	0,366665	0,257590	0,244300	0,353649	0,353392	0,378861	0,342023	0,353141	0,304473	0,324908	0,239145	0,363711	0,369052	0,375171	0,304061	0,233912	0,351421	0,352662	0,300061	0,371411	0,339390	0,328021	0,295981
0,368720	0,366658	0,279382	0,357397	0,339283	0,346306	0,368745	0,269762	0,356849	0,363784	0,367144	0,344923	0,352018	0,344443	0,344746	0,356057	0,354886	0,347062	0,339705	0,264357	0,343208	0,345200	0,350239	0,253567	0,351392	0,340462
0,391082	0,352096	0,369827	0,367032	0,334248	0,343141	0,357464	0,358469	0,378420	0,345125	0,356956	0,245357	0,330678	0,339141	0,367516	0,368373	0,377951	0,244177	0,335062	0,356698	0,356700	0,238980	0,374192	0,345124	0,331779	0,233706
0,364633	0,274334	0,343832	0,352989	0,281233	0,326801	0,330429	0,340498	0,356575	0,327210	0,329952	0,329310	0,253522	0,326338	0,343049	0,349892	0,351996	0,327617	0,322524	0,331199	0,338482	0,327153	0,351483	0,325992	0,312703	0,323340
0,355299	0,363310	0,369693	0,292039	0,330415	0,336327	0,361744	0,277850	0,278178	0,266795	0,363796	0,241914	0,252034	0,334985	0,366204	0,268768	0,341768	0,340313	0,333619	0,357971	0,361422	0,338972	0,340226	0,352688	0,344249	0,337606
0,183581	0,326556	0,321732	0,137789	0,295404	0,303694	0,321422	0,302047	0,179555	0,301780	0,320990	0,301714	0,301479	0,301750	0,134518	0,149326	0,178178	0,301796	0,299219	0,314039	0,119300	0,299851	0,176274	0,293923	0,293656	0,297321
0,371050	0,372277	0,379103	0,284729	0,341935	0,349159	0,371154	0,374682	0,358690	0,366244	0,372763	0,347776	0,354478	0,347818	0,278208	0,358027	0,357216	0,349522	0,345981	0,367020	0,268534	0,348181	0,355291	0,362290	0,353852	0,346344
0,387418	0,343176	0,364684	0,363268	0,269786	0,331737	0,351016	0,349990	0,374756	0,338620	0,350508	0,247164	0,321505	0,327737	0,363852	0,364609	0,374287	0,246026	0,323658	0,351555	0,352936	0,240871	0,370527	0,339657	0,325275	0,235638
0,361868	0,277637	0,338549	0,345722	0,523985	0,284826	0,322737	0,335281	0,353810	0,319426	0,322260	0,319476	0,256778	0,283966	0,338767	0,347121	0,349231	0,317783	0,279409	0,325916	0,331215	0,317319	0,348718	0,320775	0,304919	0,313506
0,394568	0,275600	0,372940	0,378052	0,357813	0,363125	0,361534	0,363164	0,386152	0,350953	0,361026	0,365630	0,254640	0,362643	0,374307	0,372699	0,381437	0,363812	0,358564	0,359811	0,363027	0,363331	0,380898	0,348139	0,335928	0,359251
0,359562	0,281819	0,331316	0,335877	0,512145	0,512930	0,315270	0,325417	0,347370	0,309719	0,314793	0,284362	0,245956	0,512881	0,333943	0,331077	0,346925	0,283548	0,511913	0,318682	0,326484	0,282688	0,346412	0,313477	0,297368	0,278131
0,291582	0,366844	0,372843	0,405768	0,331260	0,238360	0,365278	0,397034	0,378051	0,390786	0,366946	0,372543	0,383342	0,335831	0,369354	0,276808	0,276690	0,241878	0,334464	0,361121	0,279049	0,338976	0,341049	0,264860	0,253806	0,337610
0,369412	0,374058	0,349641	0,359588	0,343337	0,349354	0,275931	0,348286	0,362069	0,265537	0,274717	0,348492	0,359010	0,344700	0,348054	0,359593	0,360106	0,350111	0,344153	0,337233	0,345398	0,345457	0,355459	0,334097	0,249384	0,344910
0,383833	0,333999	0,358316	0,344945	0,540878	0,278118	0,342175	0,343568	0,371171	0,329531	0,341667	0,248743	0,312047	0,273257	0,356021	0,360928	0,370702	0,247646	0,268350	0,345187	0,344539	0,242533	0,366942	0,333236	0,316185	0,237342
0,370874	0,370523	0,287825	0,357679	0,340089	0,347111	0,368778	0,278487	0,359002	0,363712	0,367176	0,345728	0,356136	0,345249	0,344988	0,358205	0,357040	0,347868	0,340511	0,272840	0,343489	0,346005	0,352393	0,262333	0,351319	0,341268
0,391299	0,392809	0,369670	0,376000	0,357537	0,363723	0,278505	0,360543	0,383521	0,268509	0,277182	0,362639	0,369923	0,358848	0,371155	0,373990	0,381579	0,364410	0,358287	0,356658	0,361305	0,359536	0,376795	0,345847	0,251203	0,358974
0,300013	0,366847	0,293273	0,411671	0,332105	0,372492	0,283128	0,402937	0,381201	0,398821	0,370480	0,376088	0,383352	0,236709	0,372888	0,407991	0,377644	0,375637	0,335310	0,364655	0,399052	0,240227	0,275191	0,390317	0,386201	0,338455
0,366113	0,364106	0,345313	0,356250	0,310249	0,338757	0,278249	0,343760	0,358770	0,267781	0,277075	0,337895	0,348883	0,334103	0,344755	0,356256	0,356808	0,339513	0,333556	0,332905	0,342061	0,334860	0,352160	0,329571	0,251668	0,334312
0,393200	0,281759	0,372375	0,374235	0,349566	0,354878	0,360012	0,362659	0,384783	0,349314	0,359504	0,357445	0,260918	0,354396	0,370585	0,371459	0,380069	0,355628	0,350317	0,359246	0,359210	0,355146	0,379530	0,347634	0,334289	0,351067
0,424608	0,280045	0,414085	0,419706	0,231448	0,376037	0,402439	0,410972	0,291943	0,398831	0,283128	0,379633	0,386896	0,372307	0,294479	0,413500	0,288111	0,379182	0,235026	0,281375	0,407087	0,375452	0,284266	0,398352	0,386211	0,238543
0,370236	0,373632	0,379783	0,289840	0,340174	0,347508	0,368782	0,375420	0,358178	0,363715	0,370286	0,346125	0,356140	0,346167	0,283277	0,357138	0,356705	0,347872	0,344220	0,368003	0,273687	0,346530	0,354674	0,363028	0,351323	0,344584
0,363403	0,354337	0,340085	0,351826	0,534624	0,312643	0,281636	0,338600	0,356060	0,271167	0,280503	0,328061	0,338948	0,307659	0,341016	0,353542	0,354098	0,329679	0,306788	0,327677	0,337636	0,325026	0,349450	0,324411	0,255095	0,324478
0,361550	0,345670	0,333304	0,342777	0,522784	0,526836	0,286982	0,329533	0,352690	0,261624	0,285888	0,311389	0,330140	0,522596	0,336645	0,347240	0,352245	0,310616	0,522522	0,320896	0,333385	0,305632	0,347597	0,317593	0,260601	0,304761
0,393406	0,392169	0,289757	0,374310	0,357161	0,364287	0,394240	0,280652	0,381142	0,382100	0,392565	0,362633	0,369917	0,362431	0,368776	0,372869	0,379200	0,364974	0,357477	0,273563	0,359614	0,363118	0,374416	0,263346	0,369266	0,358164
0,169929	0,333760	0,327942	0,362388	0,298614	0,305500	0,327869	0,351832	0,155170	0,341239	0,327957	0,320912	0,330695	0,303555	0,320285	0,141456	0,164938	0,309031	0,301594	0,320249	0,300366	0,307087	0,163555	0,300389	0,300374	0,305125
0,389593	0,283798	0,367810	0,370532	0,294631	0,343474	0,353621	0,357253	0,381176	0,342871	0,353113	0,346042	0,262860	0,342992	0,366978	0,367756	0,376462	0,344225	0,338913	0,354681	0,355507	0,343743	0,375923	0,342228	0,327846	0,339663
0,349064	0,341868	0,328712	0,339601	0,512150	0,511592	0,295107	0,324068	0,350645	0,273481	0,294054	0,517340	0,313134	0,511543	0,332192	0,340315	0,348584	0,510295	0,511469	0,316304	0,326441	0,510246	0,348071	0,310908	0,254069	0,510172
0,368774	0,373827	0,379490	0,296897	0,338005	0,343976	0,368489	0,285906	0,297123	0,271207	0,370481	0,246798	0,260610	0,342634	0,375595	0,288780	0,355243	0,347962	0,341209	0,367710	0,371099	0,346621	0,353701	0,362725	0,351020	0,345196
0,372085	0,371783	0,291292	0,358951	0,345120	0,347921	0,372760	0,281890	0,360213	0,367944	0,371159	0,346538	0,357468	0,346059	0,346199	0,359478	0,358251	0,348678	0,341321	0,276347	0,344762	0,346815	0,353604	0,265777	0,355551	0,342078
0,386589	0,286993	0,362023	0,362762	0,555892	0,298355	0,345361	0,351458	0,378172	0,334408	0,344853	0,335458	0,266035	0,297475	0,362495	0,364702	0,373457	0,333640	0,292610	0,348894	0,347737	0,333159	0,372919	0,336433	0,319383	0,329079
0,378854	0,388677	0,394922	0,306876	0,347443	0,353484	0,386876	0,291578	0,288059	0,279746	0,389073	0,252972	0,263910	0,352198	0,391225	0,279155	0,364958	0,357806	0,350895	0,382889	0,379161	0,356520	0,363468	0,370263	0,361664	0,355218
0,384068	0,291126	0,354246	0,352183	0,543071	0,543941	0,337350	0,340853	0,371407	0,323972	0,336842	0,297753	0,254120	0,543901	0,357192	0,347526	0,370937	0,296919	0,542910	0,341118	0,342463	0,296039	0,370399	0,328491	0,311182	0,291173
0,395473	0,398167	0,404868	0,296855	0,359913	0,367379	0,396823	0,393356	0,382687	0,384757	0,398563	0,365720	0,372575	0,366093	0,288670	0,374287	0,381266	0,367632	0,364298	0,392461	0,279549	0,366346	0,379383	0,380523	0,371924	0,364551
0,310625	0,377361	0,382640	0,415446	0,338850	0,243244	0,372022	0,408868	0,389567	0,399353	0,373631	0,381989	0,396100	0,343480	0,378745	0,296534	0,295636	0,246761	0,342054	0,370860	0,283907	0,346625	0,354524	0,272916	0,258217	0,345199
0,394769	0,399919	0,373944	0,377197	0,361386	0,367573	0,285943	0,365052	0,386991	0,276097	0,284661	0,366489	0,377502	0,362698	0,372271	0,377763	0,385048	0,368260	0,362136	0,360932	0,362501	0,363385	0,380264	0,350356	0,258832	0,362824
0,370627	0,372185	0,377121	0,294833	0,380773	0,345551	0,369952	0,372584	0,358569	0,365070	0,371456	0,344168	0,354704	0,344210	0,288235	0,357569	0,357096	0,345914	0,342263	0,365341	0,278721	0,344573	0,355065	0,360192	0,352678	0,342626
0,369412	0,362014	0,294821	0,355087	0,544432	0,345844	0,363434	0,285422	0,357541	0,358479	0,361833	0,336704	0,347532	0,344074	0,342497	0,356803	0,355579	0,338844	0,339079	0,279916	0,340898	0,336981	0,350931	0,269351	0,346087	0,332244
0,367709	0,353347	0,300518	0,346198	0,532592	0,540417	0,354672	0,276248	0,354320	0,349570	0,353071	0,342255	0,338724	0,536595	0,338276	0,353445	0,353876	0,341523	0,532330	0,285653	0,336805	0,339752	0,349228	0,275226	0,337219	0,334758
0,302540	0,392587	0,398415	0,427522	0,348408	0,249159	0,390781	0,418624	0,403550	0,412316	0,392566	0,392990	0,404750	0,353162	0,394718	0,289937	0,286489	0,252963	0,351860	0,386381	0,293000	0,356551	0,364396	0,277701	0,265870	0,355248
0,364692	0,369054	0,309899	0,343703	0,521958	0,525591	0,349071	0,289440	0,352919	0,344385	0,347469	0,530891	0,343918	0,525541	0,334466	0,347520	0,350858	0,524264	0,521277	0,295074	0,330860	0,524215	0,350345	0,270037	0,331634	0,519951
0,318815	0,377365	0,301001	0,420955	0,339695	0,381938	0,287532	0,414771	0,392717	0,407388	0,377165	0,385534	0,396110	0,241593	0,381895	0,417752	0,389160	0,385083	0,342899	0,374394	0,408335	0,245111	0,294136	0,402151	0,394768	0,346045
0,360420	0,533284	0,308129	0,339264	0,514179	0,519865	0,368547	0,294111	0,351105	0,345551	0,367794	0,522097	0,525605	0,510799	0,332608	0,347146	0,351453	0,518119	0,510725	0,307116	0,328300	0,509053	0,340498	0,286107	0,340038	0,508979
0,369165	0,372380	0,376828	0,301644	0,413741	0,342018	0,369659	0,287008	0,302081	0,276473	0,371651	0,248373	0,262705	0,340677	0,375986	0,293814	0,355634	0,346005	0,339252	0,365048	0,371531	0,344664	0,354092	0,359889	0,352375	0,343238
0,395989	0,396268	0,298776	0,374579	0,358028	0,365154	0,394406	0,289967	0,383724	0,382162	0,392730	0,363500	0,374373	0,363298	0,369005	0,375715	0,381782	0,365841	0,358344	0,282623	0,359883	0,363985	0,376998	0,272702	0,369329	0,359031
0,173811	0,343429	0,337047	0,471203	0,304625	0,323292	0,337249	0,467689	0,330425	0,464566	0,337338	0,452017	0,464169	0,309273	0,329114	0,365060	0,156756	0,325926	0,307312	0,329353	0,352844	0,311928	0,168087	0,342582	0,332367	0,309967
0,391201	0,389322	0,369419	0,373536	0,325685	0,356169	0,288094	0,360257	0,383423	0,278199	0,286854	0,355085	0,366590	0,351294	0,368703	0,374102	0,381481	0,356856	0,350733	0,356406	0,358840	0,351982	0,376697	0,345561	0,260976	0,351420
0,311384	0,392637	0,304650	0,434323	0,349391	0,393121	0,293726	0,425425	0,407060	0,421442	0,396495	0,396988	0,404784	0,247440	0,398640	0,430059	0,403304	0,396510	0,352843	0,390304	0,420900	0,251245	0,284935	0,412002	0,408019	0,356232
0,434074	0,288156	0,425571	0,426858	0,236332	0,385482	0,410872	0,422806	0,310744	0,407398	0,287532	0,389078	0,399654	0,381693	0,299185	0,423261	0,306912	0,388627	0,239909	0,289103	0,414238	0,384838	0,303010	0,410186	0,394778	0,243427
0,388254	0,378929	0,363688	0,368839	0,567179	0,328013	0,291378	0,354523	0,380476	0,281509	0,290180	0,344501	0,355896	0,322790	0,364799	0,371109	0,378534	0,346272	0,321906	0,350676	0,354143	0,341397	0,373750	0,339827	0,264327	0,340836
0,315543	0,375914	0,379978	0,415877	0,439874	0,244819	0,373192	0,406032	0,389958	0,400708	0,374801	0,380032	0,394664	0,341522	0,379136	0,301282	0,300593	0,248336	0,340097	0,368198	0,288655	0,344667	0,354915	0,274019	0,263484	0,343242
0,386214	0,369702	0,356392	0,359101	0,554358	0,558656	0,296740	0,344758	0,376957	0,270938	0,295583	0,326560	0,346411	0,554223	0,359975	0,364377	0,376493	0,325773	0,554166	0,343380	0,349387	0,320550	0,371709	0,332403	0,269888	0,319666
0,372464	0,373583	0,381729	0,299526	0,556991	0,386006	0,371838	0,377479	0,360407	0,367064	0,373342	0,345348	0,356176	0,384594	0,292954	0,359504	0,358933	0,347488	0,382812	0,369949	0,283454	0,346146	0,356902	0,365086	0,354671	0,344200
0,395018	0,399567	0,405683	0,302112	0,357980	0,365587	0,394416	0,394278	0,382543	0,382161	0,396029	0,363928	0,374371	0,364301	0,293877	0,374030	0,381123	0,365840	0,362366	0,393586	0,284847	0,364553	0,379111	0,381445	0,369328	0,362618
0,451938	0,290461	0,441583	0,443459	0,241854	0,397136	0,429383	0,434567	0,302801	0,421492	0,293820	0,401003	0,408798	0,393127	0,306151	0,436448	0,298643	0,400525	0,245722	0,291911	0,430036	0,396516	0,294476	0,421144	0,408070	0,249527
0,370799	0,364916	0,373410	0,290498	0,545150	0,554061	0,363076	0,368628	0,357712	0,358154	0,364580	0,380136	0,347368	0,550239	0,298832	0,356707	0,357267	0,379445	0,546392	0,361630	0,289476	0,378033	0,355237	0,356689	0,345803	0,376251
0,373261	0,357219	0,351446	0,355633	0,542974	0,542419	0,305103	0,338928	0,374618	0,282904	0,303987	0,548625	0,327940	0,542379	0,355163	0,356969	0,372692	0,541111	0,542322	0,338434	0,341952	0,541070	0,372154	0,325247	0,262562	0,541014
0,371759	0,532605	0,404221	0,318821	0,511540	0,528385	0,531127	0,384828	0,356640	0,530633	0,524805	0,527305	0,530490	0,521973	0,325930	0,352450	0,359170	0,523866	0,512883	0,397277	0,313049	0,517454	0,357062	0,376616	0,516579	0,508364
0,367753	0,546866	0,365237	0,310628	0,523444	0,533509	0,402957	0,361855	0,355820	0,383277	0,402245	0,535741	0,539219	0,524861	0,322417	0,351813	0,358786	0,531763	0,524787	0,353502	0,302624	0,523115	0,356656	0,349186	0,374984	0,523041
0,370644	0,404571	0,367714	0,304298	0,533996	0,539235	0,357475	0,363754	0,356556	0,352970	0,358979	0,544535	0,381685	0,539185	0,308831	0,351041	0,357112	0,537908	0,535339	0,355933	0,284895	0,537859	0,356599	0,351003	0,340219	0,534012
0,323410	0,375918	0,302272	0,421386	0,443159	0,379980	0,292510	0,411935	0,393108	0,408743	0,378335	0,383576	0,394674	0,243168	0,382286	0,418183	0,389551	0,383125	0,340942	0,371732	0,408767	0,246686	0,299094	0,399315	0,396123	0,344087
0,370182	0,371071	0,378624	0,304036	0,557246	0,417923	0,368838	0,293564	0,308250	0,279857	0,370830	0,251476	0,265569	0,415172	0,373950	0,300137	0,356651	0,344811	0,413750	0,366844	0,369357	0,343470	0,355109	0,361906	0,351601	0,342044
0,393048	0,399773	0,405368	0,311886	0,355499	0,361603	0,394101	0,300122	0,308868	0,284351	0,396235	0,257951	0,272900	0,360317	0,401249	0,301062	0,379152	0,365925	0,358951	0,393271	0,389628	0,364639	0,377662	0,381096	0,368978	0,363273
0,397259	0,397475	0,302247	0,375931	0,363115	0,365847	0,398513	0,293379	0,384995	0,386585	0,396838	0,364194	0,375635	0,363991	0,370275	0,377067	0,383053	0,366534	0,359037	0,286136	0,361235	0,364679	0,378269	0,276156	0,373752	0,359724
0,434465	0,290232	0,422909	0,427289	0,474853	0,383525	0,412042	0,419970	0,315339	0,408753	0,292511	0,387121	0,398218	0,379736	0,303780	0,423692	0,311507	0,386670	0,241484	0,290374	0,414670	0,382881	0,307605	0,407350	0,396133	0,245002
0,321672	0,374605	0,381774	0,413703	0,560912	0,475008	0,372372	0,408049	0,390975	0,399934	0,373980	0,378838	0,393369	0,442904	0,377100	0,307319	0,306763	0,251439	0,439882	0,369994	0,291046	0,343473	0,355932	0,280575	0,266868	0,342048
0,386146	0,348265	0,371766	0,483609	0,311326	0,459361	0,362977	0,480776	0,339353	0,480665	0,347225	0,461627	0,468229	0,327543	0,338357	0,476778	0,333974	0,461587	0,313676	0,338913	0,471442	0,329840	0,158686	0,468651	0,468582	0,315994
0,384382	0,540961	0,530835	0,475044	0,517428	0,532041	0,536208	0,623238	0,372430	0,632242	0,532739	0,636303	0,635022	0,526041	0,431962	0,350222	0,373923	0,532319	0,519605	0,517507	0,415769	0,526319	0,376778	0,516154	0,521810	0,519883
0,394352	0,387082	0,305686	0,371846	0,577605	0,363502	0,388576	0,296849	0,382087	0,376383	0,386901	0,353609	0,364942	0,361762	0,366410	0,374116	0,380145	0,355950	0,356535	0,289616	0,357150	0,354094	0,375361	0,279668	0,363550	0,349140
0,392470	0,377855	0,311417	0,362278	0,564783	0,573033	0,379248	0,286665	0,378727	0,366788	0,377572	0,359538	0,355456	0,569035	0,361745	0,370567	0,378263	0,358792	0,564585	0,295389	0,352565	0,357052	0,373479	0,285615	0,354004	0,351825
0,323454	0,403683	0,408860	0,437988	0,356464	0,254138	0,398005	0,431319	0,415729	0,421493	0,399727	0,402972	0,418320	0,361281	0,404742	0,311552	0,307298	0,257943	0,359916	0,396764	0,298009	0,364670	0,378590	0,286246	0,270475	0,363304
0,376610	0,546469	0,435400	0,327295	0,524183	0,537511	0,544578	0,475045	0,345393	0,646305	0,538640	0,646849	0,648804	0,531099	0,374760	0,334129	0,364324	0,537789	0,522426	0,430699	0,372086	0,531377	0,365322	0,414219	0,530472	0,522704
0,373026	0,373571	0,381518	0,311402	0,557375	0,566480	0,371243	0,300922	0,315278	0,287215	0,373235	0,475044	0,273166	0,562658	0,379565	0,307318	0,359495	0,419963	0,558811	0,369737	0,375318	0,417212	0,357953	0,364967	0,354140	0,415789
0,395401	0,397891	0,402845	0,307250	0,401277	0,363298	0,395513	0,391184	0,382927	0,383460	0,397126	0,361638	0,372652	0,362012	0,298972	0,374455	0,381506	0,363551	0,360077	0,390749	0,290027	0,362264	0,379494	0,378351	0,370627	0,360329
0,329217	0,374608	0,308462	0,419213	0,564641	0,503400	0,295798	0,413952	0,394125	0,407969	0,377514	0,382382	0,393378	0,474947	0,380250	0,419276	0,390568	0,381931	0,443167	0,373528	0,406593	0,249789	0,305263	0,401333	0,395350	0,342893
0,373397	0,439920	0,375821	0,313617	0,546220	0,551653	0,365642	0,299913	0,325419	0,285926	0,367634	0,674763	0,475044	0,551604	0,374311	0,302884	0,359866	0,551830	0,547758	0,364041	0,369692	0,551781	0,359353	0,359281	0,348556	0,547934
0,384819	0,558807	0,318825	0,354906	0,545093	0,551033	0,385804	0,304228	0,375059	0,362090	0,385005	0,553564	0,557006	0,541478	0,355572	0,363783	0,375606	0,549233	0,541421	0,317703	0,343501	0,539678	0,364454	0,296197	0,356761	0,539621
0,370847	0,560346	0,373344	0,317343	0,535669	0,545407	0,434215	0,303360	0,339809	0,475045	0,433543	0,660633	0,662869	0,536759	0,371785	0,321460	0,361880	0,545685	0,536685	0,361609	0,368185	0,537037	0,362856	0,357464	0,412628	0,536963
0,389351	0,386435	0,321115	0,359546	0,553400	0,557225	0,373288	0,300051	0,377070	0,361281	0,371613	0,562970	0,360834	0,557191	0,357615	0,364219	0,375144	0,555885	0,552741	0,305128	0,346189	0,555851	0,374606	0,279709	0,348018	0,551401
0,330110	0,374398	0,381960	0,413557	0,557820	0,696473	0,372069	0,407897	0,389946	0,399782	0,373678	0,526612	0,393317	0,563103	0,379903	0,312159	0,315242	0,475008	0,559256	0,370180	0,300051	0,442912	0,357956	0,286407	0,272180	0,439890
0,332049	0,403733	0,312866	0,444361	0,357447	0,403103	0,298322	0,438120	0,419240	0,430619	0,403656	0,406970	0,418354	0,252420	0,408253	0,440551	0,415484	0,406492	0,360899	0,400686	0,430938	0,256225	0,305745	0,424698	0,417196	0,364288
0,435482	0,293047	0,424705	0,425116	0,705835	0,506156	0,411222	0,421987	0,321146	0,407979	0,295798	0,385927	0,396923	0,502813	0,306263	0,424786	0,317314	0,385476	0,474853	0,296564	0,412496	0,381687	0,313412	0,409368	0,395359	0,248105
0,406951	0,547122	0,533572	0,600306	0,521374	0,640292	0,539263	0,615456	0,458227	0,627180	0,536283	0,640414	0,644827	0,526355	0,506403	0,475006	0,401959	0,635457	0,520330	0,520245	0,590550	0,527467	0,400415	0,608256	0,617571	0,521443
0,393431	0,398097	0,402530	0,316774	0,436613	0,359314	0,395198	0,301071	0,313963	0,289685	0,397332	0,259275	0,274792	0,358028	0,401633	0,306242	0,379535	0,363636	0,356662	0,390434	0,390052	0,362350	0,378045	0,378002	0,370278	0,360984
0,384598	0,554734	0,544578	0,533223	0,529844	0,656396	0,549980	0,574892	0,411324	0,578471	0,546511	0,570583	0,576623	0,538457	0,456899	0,359947	0,377547	0,647630	0,532021	0,531250	0,475009	0,535636	0,384446	0,623944	0,632978	0,529199
0,337333	0,374401	0,314059	0,419067	0,561549	0,601567	0,300921	0,413800	0,393096	0,407817	0,377212	0,529118	0,393327	0,697994	0,383053	0,418169	0,392592	0,503408	0,562985	0,373714	0,409677	0,474947	0,313742	0,401625	0,395121	0,443176
0,497342	0,370204	0,498080	0,496770	0,330484	0,469844	0,486909	0,496991	0,383363	0,484884	0,368256	0,471774	0,478040	0,466268	0,373109	0,489217	0,377747	0,471734	0,332435	0,364712	0,484604	0,468158	0,372088	0,484867	0,472801	0,334355
0,462010	0,298989	0,453762	0,451178	0,246834	0,407118	0,438342	0,447263	0,323466	0,430670	0,298416	0,410985	0,422369	0,403046	0,310985	0,446939	0,319308	0,410506	0,250702	0,300128	0,437756	0,406434	0,315078	0,433840	0,417247	0,254507
0,365261	0,560240	0,465817	0,430825	0,536598	0,666942	0,558349	0,533939	0,399423	0,588991	0,552411	0,580748	0,586851	0,543514	0,386310	0,341291	0,347678	0,661347	0,534841	0,455714	0,325671	0,543465	0,370309	0,475009	0,646976	0,534792
0,396484	0,558201	0,423743	0,329961	0,542334	0,560044	0,556236	0,403719	0,380675	0,561874	0,549829	0,558988	0,562078	0,553243	0,337744	0,369184	0,383527	0,555225	0,543672	0,416719	0,324376	0,548424	0,381556	0,395472	0,547265	0,538853
0,437506	0,298397	0,424891	0,424970	0,702349	0,602728	0,410919	0,421835	0,325938	0,407827	0,300922	0,530276	0,396872	0,601785	0,314762	0,423679	0,325430	0,506164	0,699482	0,302161	0,415580	0,502821	0,321528	0,409661	0,395131	0,474853
0,328507	0,402008	0,406023	0,438413	0,464803	0,255462	0,399102	0,428226	0,416112	0,422793	0,400824	0,400683	0,416600	0,358992	0,405125	0,316441	0,312393	0,259267	0,357627	0,393926	0,302898	0,362381	0,378973	0,287194	0,275808	0,361015
0,397332	0,399236	0,407613	0,312031	0,591057	0,406595	0,397380	0,396317	0,384857	0,385433	0,398992	0,362722	0,374055	0,405246	0,303771	0,376517	0,383436	0,365063	0,403502	0,395516	0,294849	0,363777	0,381425	0,383484	0,372600	0,361842
0,342081	0,574117	0,384954	0,424848	0,548084	0,680726	0,464742	0,415983	0,396543	0,534697	0,464111	0,591374	0,597376	0,549174	0,383335	0,331028	0,341064	0,675651	0,549100	0,373219	0,315688	0,549646	0,367407	0,301764	0,475008	0,549572
0,341360	0,470487	0,387431	0,424329	0,558635	0,695095	0,377251	0,415775	0,398627	0,406846	0,379244	0,601964	0,535415	0,564019	0,385862	0,324077	0,326531	0,689781	0,560172	0,375650	0,311961	0,564390	0,363866	0,298317	0,284330	0,560543
0,392321	0,573022	0,390043	0,321989	0,554963	0,565483	0,422830	0,379647	0,379794	0,402546	0,422073	0,568009	0,571419	0,556358	0,334280	0,368315	0,383108	0,563677	0,556307	0,377990	0,313958	0,554551	0,381113	0,366473	0,394216	0,554501
0,395489	0,390009	0,398741	0,302007	0,578236	0,587484	0,388052	0,386785	0,382057	0,375837	0,389664	0,400151	0,364569	0,583486	0,309699	0,373580	0,381594	0,399447	0,579471	0,386644	0,300957	0,398098	0,379582	0,374430	0,363054	0,396354
0,395396	0,424656	0,392680	0,316033	0,566283	0,571676	0,382092	0,381597	0,380660	0,370331	0,383705	0,577415	0,401332	0,571642	0,320046	0,367511	0,381501	0,570330	0,567627	0,380584	0,295691	0,570296	0,380968	0,368334	0,357067	0,566281
0,417384	0,556125	0,624270	0,605433	0,533854	0,570748	0,633692	0,622575	0,467476	0,645704	0,550115	0,656381	0,645920	0,653065	0,520206	0,508146	0,443099	0,571860	0,532810	0,534077	0,548891	0,648230	0,408291	0,561484	0,565435	0,533923
0,346387	0,471702	0,323445	0,427314	0,559143	0,598368	0,310534	0,419263	0,398965	0,412859	0,380070	0,599767	0,536100	0,695034	0,386305	0,421247	0,394628	0,598739	0,560680	0,376477	0,412749	0,689720	0,326483	0,404697	0,398294	0,561051
0,336771	0,402057	0,313967	0,444785	0,468331	0,400814	0,303355	0,435027	0,419623	0,431919	0,404753	0,404681	0,416634	0,253744	0,408636	0,440975	0,415867	0,404202	0,358610	0,397849	0,431362	0,257549	0,310839	0,421604	0,418496	0,361998
0,394474	0,396560	0,404287	0,319091	0,591181	0,440772	0,394182	0,307773	0,320344	0,292945	0,396316	0,262220	0,277484	0,437966	0,399455	0,312790	0,380579	0,362167	0,436613	0,392191	0,387668	0,360880	0,379089	0,380012	0,369268	0,359515
0,391809	0,566351	0,638595	0,541885	0,542322	0,584956	0,647770	0,587299	0,422875	0,590958	0,560342	0,582616	0,588220	0,669168	0,466254	0,456700	0,421608	0,582134	0,544499	0,545080	0,508931	0,660401	0,380047	0,575014	0,578673	0,541677
0,500000	0,560457	0,625520	0,590416	0,537607	0,665153	0,637902	0,598745	0,497715	0,604777	0,554448	0,602530	0,602062	0,657221	0,521528	0,576251	0,467472	0,656366	0,536563	0,535688	0,599771	0,648765	0,459458	0,619999	0,644223	0,534455
0,439543	0,500000	0,427654	0,433217	0,699150	0,599529	0,413777	0,427298	0,338699	0,412869	0,310534	0,600928	0,537258	0,599480	0,324621	0,426757	0,334484	0,599900	0,696522	0,311547	0,418652	0,599851	0,333906	0,412732	0,398304	0,691208
0,374480	0,572346	0,500000	0,444530	0,549076	0,592221	0,660618	0,542684	0,410973	0,601479	0,566241	0,592781	0,598842	0,679713	0,397920	0,441706	0,409418	0,592171	0,547319	0,465179	0,430002	0,674118	0,348920	0,509689	0,589130	0,547270
0,409584	0,566783	0,555470	0,500000	0,548397	0,563971	0,561447	0,658731	0,387428	0,668601	0,557959	0,673260	0,671723	0,557598	0,453657	0,363710	0,398815	0,564161	0,550781	0,541765	0,437031	0,557788	0,402018	0,546188	0,552689	0,550971
0,462393	0,300850	0,450924	0,451603	0,500000	0,404829	0,439438	0,444169	0,328188	0,431969	0,303449	0,408696	0,420649	0,400757	0,315706	0,447364	0,324029	0,408217	0,252026	0,301229	0,438180	0,404145	0,319800	0,430746	0,418546	0,255831
0,334847	0,400471	0,407779	0,436029	0,595171	0,500000	0,398086	0,430235	0,417156	0,421783	0,399809	0,399213	0,415021	0,467898	0,402948	0,322697	0,318774	0,262212	0,464803	0,395683	0,305215	0,360911	0,380016	0,293896	0,279069	0,359546
0,362098	0,586223	0,339382	0,438553	0,560562	0,601914	0,500000	0,429688	0,408093	0,543515	0,473576	0,603407	0,609367	0,693497	0,394945	0,435387	0,406479	0,602386	0,561577	0,384828	0,423994	0,688422	0,342164	0,415128	0,510408	0,562050
0,401255	0,572702	0,457316	0,341269	0,555831	0,569765	0,570312	0,500000	0,358881	0,683739	0,564299	0,684583	0,686546	0,562964	0,400150	0,347104	0,388609	0,569961	0,553821	0,452744	0,390721	0,563160	0,389926	0,435858	0,561963	0,554017
0,502285	0,661301	0,589027	0,612572	0,671812	0,582844	0,591907	0,641119	0,500000	0,646825	0,647050	0,672409	0,661907	0,579333	0,608263	0,518448	0,416276	0,583957	0,665804	0,625345	0,561361	0,580446	0,415255	0,574035	0,577095	0,660969
0,395223	0,587131	0,398521	0,331399	0,568031	0,578217	0,456485	0,316261	0,353175	0,500000	0,455769	0,699411	0,701689	0,569091	0,396988	0,334263	0,386010	0,578413	0,569041	0,386468	0,386374	0,569287	0,387303	0,375175	0,434643	0,569237
0,445552	0,689466	0,433759	0,442041	0,696551	0,600191	0,526424	0,435701	0,352950	0,544231	0,500000	0,601274	0,607233	0,596263	0,338398	0,438372	0,351637	0,600664	0,693403	0,325551	0,427481	0,596735	0,347352	0,421142	0,511082	0,688328
0,397470	0,399072	0,407219	0,326740	0,591304	0,600787	0,396593	0,315417	0,327591	0,300589	0,398726	0,500000	0,285380	0,596789	0,405287	0,320208	0,383574	0,442996	0,592774	0,395122	0,393949	0,440190	0,382084	0,383132	0,371819	0,438837
0,397938	0,462742	0,401158	0,328277	0,579351	0,584979	0,390633	0,313454	0,338093	0,298311	0,392767	0,714620	0,500000	0,584945	0,399683	0,315103	0,384042	0,585066	0,580930	0,389062	0,387916	0,585031	0,383510	0,377036	0,365833	0,581017
0,342779	0,400520	0,320287	0,442402	0,599243	0,532102	0,306503	0,437036	0,420667	0,430909	0,403737	0,403211	0,415055	0,500000	0,406458	0,442110	0,416910	0,402733	0,468331	0,399606	0,428979	0,260494	0,317221	0,423613	0,417486	0,360529
0,478472	0,675379	0,602080	0,546343	0,684294	0,597052	0,605055	0,599850	0,391737	0,603012	0,661602	0,594713	0,600317	0,593542	0,500000	0,470405	0,390671	0,594231	0,681906	0,639670	0,519306	0,590720	0,389346	0,587564	0,590726	0,673139
0,423749	0,573243	0,558294	0,636290	0,552636	0,677303	0,564613	0,652896	0,481552	0,665737	0,561628	0,679792	0,684897	0,557890	0,529595	0,500000	0,418901	0,672390	0,551502	0,544589	0,623626	0,559126	0,427305	0,643017	0,653235	0,552737
0,532528	0,665516	0,590582	0,601185	0,675971	0,681226	0,593521	0,611391	0,583724	0,613990	0,648363	0,616426	0,615958	0,583090	0,609329	0,581099	0,500000	0,672397	0,669962	0,626657	0,606913	0,580981	0,471434	0,638546	0,645339	0,661506
0,343634	0,400100	0,407829	0,435839	0,591783	0,737788	0,397614	0,430039	0,416043	0,421587	0,399336	0,557004	0,414934	0,597267	0,405769	0,327610	0,327603	0,500000	0,593252	0,395732	0,314513	0,467898	0,382124	0,299753	0,284357	0,464803
0,463437	0,303478	0,452681	0,449219	0,747974	0,535197	0,438423	0,446179	0,334196	0,430959	0,306597	0,407226	0,419070	0,531669	0,318094	0,448498	0,330038	0,406748	0,500000	0,307548	0,435796	0,402676	0,325808	0,432756	0,417537	0,258776
0,464312	0,688453	0,534821	0,458235	0,698771	0,604317	0,615172	0,547256	0,374655	0,613532	0,674449	0,604878	0,610938	0,600394	0,360330	0,455411	0,373343	0,604268	0,692452	0,500000	0,443707	0,600345	0,369057	0,520137	0,601184	0,686857
0,400229	0,581348	0,569998	0,562969	0,561820	0,694785	0,576006	0,609279	0,438639	0,613626	0,572519	0,606051	0,612084	0,571021	0,480694	0,376374	0,393087	0,685487	0,564204	0,556293	0,500000	0,567864	0,410251	0,659935	0,669837	0,561046
0,351235	0,400149	0,325882	0,442212	0,595855	0,639089	0,311578	0,436840	0,419554	0,430713	0,403265	0,559810	0,414969	0,739506	0,409280	0,440874	0,419019	0,532102	0,597324	0,399655	0,432136	0,500000	0,326050	0,423751	0,417055	0,468331
0,540542	0,666094	0,651080	0,597982	0,680200	0,619984	0,657836	0,610074	0,584745	0,612697	0,652648	0,617916	0,616490	0,682779	0,610654	0,572695	0,528566	0,617876	0,674192	0,630943	0,589749	0,673950	0,500000	0,604695	0,607779	0,665736
0,380001	0,587268	0,490311	0,453812	0,569254	0,706104	0,584872	0,564142	0,425965	0,624825	0,578858	0,616868	0,622964	0,576387	0,412436	0,356983	0,361454	0,700247	0,567244	0,479863	0,340065	0,576249	0,395305	0,500000	0,684912	0,567106
0,355777	0,601696	0,410870	0,447311	0,581454	0,720931	0,489592	0,438037	0,422905	0,565357	0,488918	0,628181	0,634167	0,582514	0,409274	0,346765	0,354661	0,715643	0,582463	0,398816	0,330163	0,582945	0,392221	0,315088	0,500000	0,582895
0,465545	0,308792	0,452730	0,449029	0,744169	0,640454	0,437950	0,445983	0,339031	0,430763	0,311672	0,561163	0,418983	0,639471	0,326861	0,447263	0,338494	0,535197	0,741224	0,313143	0,438954	0,531669	0,334264	0,432894	0,417105	0,500000
0,355415	0,495899	0,413507	0,446756	0,592774	0,736384	0,402982	0,437802	0,425143	0,428461	0,405116	0,639449	0,566538	0,598368	0,411969	0,340136	0,339425	0,730843	0,594353	0,401410	0,327033	0,598690	0,388388	0,312273	0,297130	0,594675
0,434872	0,582710	0,660389	0,642159	0,566140	0,606257	0,670653	0,660960	0,491643	0,686111	0,576272	0,697005	0,685979	0,691179	0,544200	0,535924	0,472604	0,607493	0,565006	0,559226	0,581194	0,686266	0,425920	0,595346	0,600101	0,566242
0,360645	0,497179	0,335532	0,450530	0,593334	0,635743	0,321467	0,442146	0,425644	0,435559	0,406162	0,637184	0,567242	0,736392	0,412597	0,444183	0,421174	0,636065	0,594913	0,402450	0,435439	0,730851	0,339454	0,427055	0,420468	0,595235
0,407817	0,593600	0,675950	0,572716	0,575324	0,621574	0,685933	0,622529	0,450943	0,626965	0,587162	0,618960	0,624514	0,708662	0,490897	0,481903	0,449729	0,618417	0,577708	0,570930	0,537300	0,699364	0,395916	0,609811	0,614248	0,574551
0,525057	0,587405	0,661831	0,625067	0,570194	0,706179	0,675318	0,634667	0,519956	0,641659	0,580960	0,639798	0,639236	0,695661	0,545684	0,610288	0,491651	0,696993	0,569059	0,561020	0,636180	0,686808	0,481782	0,658331	0,684628	0,566777
0,467700	0,525147	0,455526	0,457348	0,740802	0,637109	0,440847	0,451288	0,352373	0,435609	0,321561	0,638550	0,568595	0,637060	0,337031	0,450572	0,347903	0,637431	0,738110	0,322793	0,442257	0,637382	0,347294	0,436197	0,420518	0,732569
0,389800	0,600041	0,525053	0,468434	0,582758	0,629231	0,699857	0,573973	0,438269	0,638164	0,593501	0,629776	0,635823	0,719980	0,424803	0,465597	0,436763	0,629093	0,580749	0,490179	0,453381	0,714123	0,362949	0,538514	0,625383	0,580610
0,377250	0,614470	0,352377	0,461932	0,594958	0,639545	0,525053	0,452659	0,435209	0,575269	0,499242	0,641089	0,647026	0,734799	0,421641	0,458745	0,433639	0,639977	0,595968	0,411183	0,446847	0,729511	0,356009	0,437574	0,539695	0,596399
0,533806	0,700346	0,616074	0,650259	0,711312	0,619245	0,619556	0,681370	0,525146	0,687229	0,685225	0,714297	0,703229	0,615561	0,643356	0,547469	0,434222	0,620481	0,705056	0,662042	0,594523	0,616797	0,433260	0,608764	0,612611	0,700143
0,474055	0,730824	0,461983	0,466293	0,738068	0,637788	0,554794	0,459773	0,367277	0,576020	0,525147	0,638903	0,644840	0,633669	0,351415	0,462536	0,365979	0,638219	0,734808	0,337417	0,451208	0,634100	0,361438	0,444688	0,540405	0,729520
0,560569	0,705020	0,617808	0,636627	0,715794	0,723512	0,621350	0,648179	0,616338	0,651527	0,686727	0,654649	0,654086	0,619614	0,644577	0,615857	0,525146	0,714285	0,709537	0,663544	0,644280	0,617332	0,494624	0,678741	0,685747	0,700684
0,508542	0,715626	0,629885	0,577920	0,724855	0,634562	0,633468	0,635947	0,408154	0,639903	0,701025	0,631948	0,637502	0,630877	0,525146	0,496541	0,407137	0,631405	0,722538	0,677603	0,548918	0,627720	0,405831	0,623230	0,627186	0,713240
0,493549	0,729789	0,563937	0,483072	0,740550	0,642219	0,644130	0,579300	0,390418	0,651102	0,714949	0,642764	0,648811	0,638106	0,374795	0,480235	0,389120	0,642081	0,733848	0,525147	0,468019	0,637967	0,384579	0,550214	0,638322	0,727992
0,568899	0,705605	0,689787	0,633499	0,720357	0,658563	0,696707	0,647084	0,617516	0,650459	0,691477	0,656321	0,654625	0,725218	0,646095	0,605524	0,556164	0,656281	0,714101	0,668286	0,624803	0,715991	0,525158	0,641490	0,645364	0,705248
